2,joshallenqb,4984,2021-12-05 22:50:31.809537 +00:00,2021-12-05 22:38:42.248031 +00:00
3,jonathantaylorrb,6813,2021-12-05 22:50:31.810506 +00:00,2021-12-05 22:38:42.249119 +00:00
4,kylermurrayqb,5849,2021-12-05 22:50:31.811311 +00:00,2021-12-05 22:38:42.249650 +00:00
5,lamarjacksonqb,4881,2021-12-05 22:50:31.811995 +00:00,2021-12-05 22:38:42.250332 +00:00
6,justinherbertqb,6797,2021-12-05 22:50:31.812661 +00:00,2021-12-05 22:38:42.250904 +00:00
8,jamarrchasewr,7564,2021-12-05 22:50:31.813947 +00:00,2021-12-05 22:38:42.252313 +00:00
9,ceedeelambwr,6786,2021-12-05 22:50:31.814664 +00:00,2021-12-05 22:38:42.252982 +00:00
10,najeeharrisrb,7528,2021-12-05 22:50:31.815466 +00:00,2021-12-05 22:38:42.253494 +00:00
11,dandreswiftrb,6790,2021-12-05 22:50:31.816251 +00:00,2021-12-05 22:38:42.253956 +00:00
12,joeburrowqb,6770,2021-12-05 22:50:31.816921 +00:00,2021-12-05 22:38:42.254445 +00:00
13,dakprescottqb,3294,2021-12-05 22:50:31.817545 +00:00,2021-12-05 22:38:42.254895 +00:00
14,tyreekhillwr,3321,2021-12-05 22:50:31.818477 +00:00,2021-12-05 22:38:42.255336 +00:00
15,kylepittste,7553,2021-12-05 22:50:31.819100 +00:00,2021-12-05 22:38:42.255769 +00:00
16,javontewilliamsrb,7588,2021-12-05 22:50:31.819725 +00:00,2021-12-05 22:38:42.256205 +00:00
17,joemixonrb,4018,2021-12-05 22:50:31.820343 +00:00,2021-12-05 22:38:42.256640 +00:00
18,trevorlawrenceqb,7523,2021-12-05 22:50:31.820959 +00:00,2021-12-05 22:38:42.257073 +00:00
19,dkmetcalfwr,5846,2021-12-05 22:50:31.821608 +00:00,2021-12-05 22:38:42.257511 +00:00
20,ajbrownwr,5859,2021-12-05 22:50:31.822235 +00:00,2021-12-05 22:38:42.257983 +00:00
21,austinekelerrb,4663,2021-12-05 22:50:31.822865 +00:00,2021-12-05 22:38:42.258416 +00:00
22,christianmccaffreyrb,4034,2021-12-05 22:50:31.823533 +00:00,2021-12-05 22:38:42.258889 +00:00
23,cooperkuppwr,4039,2021-12-05 22:50:31.824144 +00:00,2021-12-05 22:38:42.259322 +00:00
24,jaylenwaddlewr,7526,2021-12-05 22:50:31.824969 +00:00,2021-12-05 22:38:42.259845 +00:00
25,nickchubbrb,4988,2021-12-05 22:50:31.825647 +00:00,2021-12-05 22:38:42.260414 +00:00
26,alvinkamararb,4035,2021-12-05 22:50:31.826283 +00:00,2021-12-05 22:38:42.261340 +00:00
27,davanteadamswr,2133,2021-12-05 22:50:31.826899 +00:00,2021-12-05 22:38:42.262153 +00:00
30,2023early1stpi,,2021-12-05 22:50:31.828540 +00:00,2021-12-05 22:38:42.263517 +00:00
29,stefondiggswr,2449,2021-12-05 22:50:31.829177 +00:00,2021-12-05 22:38:42.263107 +00:00
31,antoniogibsonrb,6945,2021-12-05 22:50:31.829777 +00:00,2021-12-05 22:38:42.264258 +00:00
32,dalvincookrb,4029,2021-12-05 22:50:31.830377 +00:00,2021-12-05 22:38:42.264681 +00:00
33,saquonbarkleyrb,4866,2021-12-05 22:50:31.831007 +00:00,2021-12-05 22:38:42.265102 +00:00
34,derrickhenryrb,3198,2021-12-05 22:50:31.831735 +00:00,2021-12-05 22:38:42.265539 +00:00
35,terrymclaurinwr,5927,2021-12-05 22:50:31.832356 +00:00,2021-12-05 22:38:42.265973 +00:00
36,macjonesqb,7527,2021-12-05 22:50:31.832978 +00:00,2021-12-05 22:38:42.266400 +00:00
37,treylanceqb,7610,2021-12-05 22:50:31.833592 +00:00,2021-12-05 22:38:42.266832 +00:00
38,justinfieldsqb,7591,2021-12-05 22:50:31.834209 +00:00,2021-12-05 22:38:42.267262 +00:00
39,chrisgodwinwr,4037,2021-12-05 22:50:31.834838 +00:00,2021-12-05 22:38:42.267729 +00:00
40,2022early1stpi,,2021-12-05 22:50:31.835448 +00:00,2021-12-05 22:38:42.268146 +00:00
41,diontaejohnsonwr,5937,2021-12-05 22:50:31.836080 +00:00,2021-12-05 22:38:42.268576 +00:00
43,traviskelcete,1466,2021-12-05 22:50:31.836695 +00:00,2021-12-05 22:38:42.269433 +00:00
42,djmoorewr,4983,2021-12-05 22:50:31.837312 +00:00,2021-12-05 22:38:42.269007 +00:00
44,devontasmithwr,7525,2021-12-05 22:50:31.837929 +00:00,2021-12-05 22:38:42.269862 +00:00
46,jkdobbinsrb,6806,2021-12-05 22:50:31.839417 +00:00,2021-12-05 22:38:42.270721 +00:00
47,michaelpittmanwr,6819,2021-12-05 22:50:31.840461 +00:00,2021-12-05 22:38:42.271149 +00:00
48,russellwilsonqb,1234,2021-12-05 22:50:31.841445 +00:00,2021-12-05 22:38:42.271579 +00:00
49,matthewstaffordqb,421,2021-12-05 22:50:31.842092 +00:00,2021-12-05 22:38:42.272008 +00:00
50,2023mid1stpi,,2021-12-05 22:50:31.842716 +00:00,2021-12-05 22:38:42.272447 +00:00
51,georgekittlete,4217,2021-12-05 22:50:31.843329 +00:00,2021-12-05 22:38:42.272876 +00:00
52,teehigginswr,6801,2021-12-05 22:50:31.843945 +00:00,2021-12-05 22:38:42.273742 +00:00
53,tjhockensonte,5844,2021-12-05 22:50:31.844558 +00:00,2021-12-05 22:38:42.274178 +00:00
55,jalenhurtsqb,6904,2021-12-05 22:50:31.845208 +00:00,2021-12-05 22:38:42.275060 +00:00
54,elijahmitchellrb,7561,2021-12-05 22:50:31.845843 +00:00,2021-12-05 22:38:42.274620 +00:00
56,elijahmoorewr,7596,2021-12-05 22:50:31.846450 +00:00,2021-12-05 22:38:42.275500 +00:00
57,darrenwallerte,2505,2021-12-05 22:50:31.847144 +00:00,2021-12-05 22:38:42.276117 +00:00
58,2022mid1stpi,,2021-12-05 22:50:31.847932 +00:00,2021-12-05 22:38:42.276578 +00:00
59,aaronrodgersqb,96,2021-12-05 22:50:31.848681 +00:00,2021-12-05 22:38:42.277032 +00:00
61,jerryjeudywr,6783,2021-12-05 22:50:31.850019 +00:00,2021-12-05 22:38:42.277916 +00:00
62,ajdillonrb,6828,2021-12-05 22:50:31.850617 +00:00,2021-12-05 22:38:42.278404 +00:00
64,aaronjonesrb,4199,2021-12-05 22:50:31.851241 +00:00,2021-12-05 22:38:42.279369 +00:00
63,davidmontgomeryrb,5892,2021-12-05 22:50:31.851839 +00:00,2021-12-05 22:38:42.278931 +00:00
65,marquisebrownwr,5848,2021-12-05 22:50:31.852515 +00:00,2021-12-05 22:38:42.280530 +00:00
66,ezekielelliottrb,3164,2021-12-05 22:50:31.853113 +00:00,2021-12-05 22:38:42.281002 +00:00
67,chaseclaypoolwr,6886,2021-12-05 22:50:31.853706 +00:00,2021-12-05 22:38:42.281455 +00:00
68,mikeevanswr,2216,2021-12-05 22:50:31.854342 +00:00,2021-12-05 22:38:42.281899 +00:00
69,rashodbatemanwr,7571,2021-12-05 22:50:31.854949 +00:00,2021-12-05 22:38:42.282343 +00:00
70,deshaunwatsonqb,4017,2021-12-05 22:50:31.855570 +00:00,2021-12-05 22:38:42.282787 +00:00
71,keenanallenwr,1479,2021-12-05 22:50:31.856333 +00:00,2021-12-05 22:38:42.283230 +00:00
72,deandrehopkinswr,1426,2021-12-05 22:50:31.857067 +00:00,2021-12-05 22:38:42.283674 +00:00
73,2023late1stpi,,2021-12-05 22:50:31.857660 +00:00,2021-12-05 22:38:42.284106 +00:00
74,clydeedwardshelairerb,6820,2021-12-05 22:50:31.858455 +00:00,2021-12-05 22:38:42.284550 +00:00
76,jamesrobinsonrb,6955,2021-12-05 22:50:31.859060 +00:00,2021-12-05 22:38:42.285433 +00:00
75,travisetiennerb,7543,2021-12-05 22:50:31.859658 +00:00,2021-12-05 22:38:42.284993 +00:00
77,brandonaiyukwr,6803,2021-12-05 22:50:31.860257 +00:00,2021-12-05 22:38:42.285874 +00:00
78,amaricooperwr,2309,2021-12-05 22:50:31.860876 +00:00,2021-12-05 22:38:42.286325 +00:00
79,joshjacobsrb,5850,2021-12-05 22:50:31.861502 +00:00,2021-12-05 22:38:42.286768 +00:00
81,darnellmooneywr,7090,2021-12-05 22:50:31.862750 +00:00,2021-12-05 22:38:42.287647 +00:00
82,camakersrb,6938,2021-12-05 22:50:31.863363 +00:00,2021-12-05 22:38:42.288090 +00:00
83,2022late1stpi,,2021-12-05 22:50:31.863963 +00:00,2021-12-05 22:38:42.288519 +00:00
84,leonardfournetterb,3969,2021-12-05 22:50:31.864675 +00:00,2021-12-05 22:38:42.288966 +00:00
85,calvinridleywr,4981,2021-12-05 22:50:31.865280 +00:00,2021-12-05 22:38:42.289402 +00:00
86,tonypollardrb,5967,2021-12-05 22:50:31.865878 +00:00,2021-12-05 22:38:42.289846 +00:00
88,carsonwentzqb,3161,2021-12-05 22:50:31.866477 +00:00,2021-12-05 22:38:42.290728 +00:00
87,patfreiermuthte,7600,2021-12-05 22:50:31.867099 +00:00,2021-12-05 22:38:42.290288 +00:00
89,tombradyqb,167,2021-12-05 22:50:31.867744 +00:00,2021-12-05 22:38:42.291167 +00:00
90,kareemhuntrb,4098,2021-12-05 22:50:31.868410 +00:00,2021-12-05 22:38:42.291605 +00:00
92,kadariustoneywr,7606,2021-12-05 22:50:31.869030 +00:00,2021-12-05 22:38:42.292504 +00:00
91,kirkcousinsqb,1166,2021-12-05 22:50:31.869640 +00:00,2021-12-05 22:38:42.292063 +00:00
93,darrellhendersonrb,5916,2021-12-05 22:50:31.870255 +00:00,2021-12-05 22:38:42.293092 +00:00
94,zachwilsonqb,7538,2021-12-05 22:50:31.870864 +00:00,2021-12-05 22:38:42.293539 +00:00
95,derekcarrqb,2028,2021-12-05 22:50:31.872980 +00:00,2021-12-05 22:38:42.293983 +00:00
96,rondalemoorewr,7601,2021-12-05 22:50:31.873748 +00:00,2021-12-05 22:38:42.294424 +00:00
97,mikewilliamswr,4068,2021-12-05 22:50:31.874500 +00:00,2021-12-05 22:38:42.294914 +00:00
98,tylerlockettwr,2374,2021-12-05 22:50:31.875673 +00:00,2021-12-05 22:38:42.295703 +00:00
100,noahfantte,5857,2021-12-05 22:50:31.877338 +00:00,2021-12-05 22:38:42.297294 +00:00
101,alexandermattisonrb,5987,2021-12-05 22:50:31.878756 +00:00,2021-12-05 22:38:42.297988 +00:00
102,courtlandsuttonwr,5045,2021-12-05 22:50:31.879496 +00:00,2021-12-05 22:38:42.298627 +00:00
103,2023early2ndpi,,2021-12-05 22:50:31.880178 +00:00,2021-12-05 22:38:42.299157 +00:00
104,ryantannehillqb,1049,2021-12-05 22:50:31.880845 +00:00,2021-12-05 22:38:42.299627 +00:00
105,milessandersrb,6151,2021-12-05 22:50:31.881534 +00:00,2021-12-05 22:38:42.300099 +00:00
106,michaelgallupwr,5038,2021-12-05 22:50:31.882203 +00:00,2021-12-05 22:38:42.300568 +00:00
107,2022early2ndpi,,2021-12-05 22:50:31.882837 +00:00,2021-12-05 22:38:42.301015 +00:00
108,mikegesickite,4993,2021-12-05 22:50:31.883495 +00:00,2021-12-05 22:38:42.301513 +00:00
109,adamthielenwr,1689,2021-12-05 22:50:31.884161 +00:00,2021-12-05 22:38:42.301992 +00:00
110,dawsonknoxte,5906,2021-12-05 22:50:31.884798 +00:00,2021-12-05 22:38:42.302448 +00:00
111,rhamondrestevensonrb,7611,2021-12-05 22:50:31.886261 +00:00,2021-12-05 22:38:42.302907 +00:00
112,michaelthomaswr,3199,2021-12-05 22:50:31.887019 +00:00,2021-12-05 22:38:42.303365 +00:00
113,bakermayfieldqb,4892,2021-12-05 22:50:31.887674 +00:00,2021-12-05 22:38:42.303826 +00:00
114,damienharrisrb,5890,2021-12-05 22:50:31.888318 +00:00,2021-12-05 22:38:42.304281 +00:00
115,hunterrenfrowwr,5955,2021-12-05 22:50:31.888973 +00:00,2021-12-05 22:38:42.304756 +00:00
117,daltonschultzte,5001,2021-12-05 22:50:31.890279 +00:00,2021-12-05 22:38:42.306403 +00:00
118,danieljonesqb,5870,2021-12-05 22:50:31.890926 +00:00,2021-12-05 22:38:42.306845 +00:00
119,chubahubbardrb,7594,2021-12-05 22:50:31.891766 +00:00,2021-12-05 22:38:42.307276 +00:00
120,cordarrellepattersonwr,1535,2021-12-05 22:50:31.892380 +00:00,2021-12-05 22:38:42.307783 +00:00
121,allenrobinsonwr,1992,2021-12-05 22:50:31.893098 +00:00,2021-12-05 22:38:42.308211 +00:00
122,jakobimeyerswr,5947,2021-12-05 22:50:31.893707 +00:00,2021-12-05 22:38:42.308639 +00:00
123,brandincookswr,2197,2021-12-05 22:50:31.894308 +00:00,2021-12-05 22:38:42.309066 +00:00
124,robertwoodswr,1352,2021-12-05 22:50:31.894907 +00:00,2021-12-05 22:38:42.309497 +00:00
125,mylesgaskinrb,5980,2021-12-05 22:50:31.895508 +00:00,2021-12-05 22:38:42.310045 +00:00
126,jamesconnerrb,4137,2021-12-05 22:50:31.896147 +00:00,2021-12-05 22:38:42.310478 +00:00
127,chaseedmondsrb,5000,2021-12-05 22:50:31.896746 +00:00,2021-12-05 22:38:42.310903 +00:00
128,2022mid2ndpi,,2021-12-05 22:50:31.897336 +00:00,2021-12-05 22:38:42.311320 +00:00
129,2023mid2ndpi,,2021-12-05 22:50:31.897974 +00:00,2021-12-05 22:38:42.312660 +00:00
130,vanjeffersonwr,6853,2021-12-05 22:50:31.898922 +00:00,2021-12-05 22:38:42.313359 +00:00
131,colekmette,6826,2021-12-05 22:50:31.899576 +00:00,2021-12-05 22:38:42.314001 +00:00
133,2023late2ndpi,,2021-12-05 22:50:31.900819 +00:00,2021-12-05 22:38:42.315089 +00:00
134,christiankirkwr,4950,2021-12-05 22:50:31.901432 +00:00,2021-12-05 22:38:42.315633 +00:00
135,jordanloveqb,6804,2021-12-05 22:50:31.902129 +00:00,2021-12-05 22:38:42.316130 +00:00
136,2022late2ndpi,,2021-12-05 22:50:31.903104 +00:00,2021-12-05 22:38:42.316557 +00:00
137,djcharkwr,4951,2021-12-05 22:50:31.903850 +00:00,2021-12-05 22:38:42.316997 +00:00
138,khalilherbertrb,7608,2021-12-05 22:50:31.904501 +00:00,2021-12-05 22:38:42.317432 +00:00
139,hunterhenryte,3214,2021-12-05 22:50:31.905107 +00:00,2021-12-05 22:38:42.317869 +00:00
140,robgronkowskite,515,2021-12-05 22:50:31.905708 +00:00,2021-12-05 22:38:42.318305 +00:00
141,odellbeckhamwr,2078,2021-12-05 22:50:31.906312 +00:00,2021-12-05 22:38:42.318742 +00:00
142,coreydaviswr,4036,2021-12-05 22:50:31.906915 +00:00,2021-12-05 22:38:42.319194 +00:00
143,jimmygaroppoloqb,1837,2021-12-05 22:50:31.908095 +00:00,2021-12-05 22:38:42.319635 +00:00
144,tylerboydwr,3225,2021-12-05 22:50:31.908783 +00:00,2021-12-05 22:38:42.320072 +00:00
146,jamaalwilliamsrb,4149,2021-12-05 22:50:31.909392 +00:00,2021-12-05 22:38:42.321022 +00:00
145,antoniobrownwr,536,2021-12-05 22:50:31.909997 +00:00,2021-12-05 22:38:42.320510 +00:00
147,kennethgainwellrb,7567,2021-12-05 22:50:31.910599 +00:00,2021-12-05 22:38:42.321470 +00:00
148,melvingordonrb,2320,2021-12-05 22:50:31.911222 +00:00,2021-12-05 22:38:42.321950 +00:00
149,jameiswinstonqb,2306,2021-12-05 22:50:31.911861 +00:00,2021-12-05 22:38:42.322385 +00:00
150,curtissamuelwr,4082,2021-12-05 22:50:31.912465 +00:00,2021-12-05 22:38:42.323045 +00:00
152,terracemarshallwr,7565,2021-12-05 22:50:31.913763 +00:00,2021-12-05 22:38:42.324216 +00:00
153,bryanedwardswr,6870,2021-12-05 22:50:31.914717 +00:00,2021-12-05 22:38:42.324655 +00:00
154,timpatrickwr,4351,2021-12-05 22:50:31.915501 +00:00,2021-12-05 22:38:42.325093 +00:00
155,irvsmithte,6126,2021-12-05 22:50:31.916275 +00:00,2021-12-05 22:38:42.325545 +00:00
156,amonrastbrownwr,7547,2021-12-05 22:50:31.917050 +00:00,2021-12-05 22:38:42.326098 +00:00
157,kendrickbournewr,4454,2021-12-05 22:50:31.917721 +00:00,2021-12-05 22:38:42.326549 +00:00
158,kennygolladaywr,4131,2021-12-05 22:50:31.918669 +00:00,2021-12-05 22:38:42.327031 +00:00
159,loganthomaste,2251,2021-12-05 22:50:31.920331 +00:00,2021-12-05 22:38:42.327468 +00:00
160,jarvislandrywr,1825,2021-12-05 22:50:31.921113 +00:00,2021-12-05 22:38:42.328101 +00:00
161,teddybridgewaterqb,2152,2021-12-05 22:50:31.921890 +00:00,2021-12-05 22:38:42.328637 +00:00
162,donovanpeoplesjoneswr,6824,2021-12-05 22:50:31.922678 +00:00,2021-12-05 22:38:42.329184 +00:00
163,ronaldjonesrb,5052,2021-12-05 22:50:31.923457 +00:00,2021-12-05 22:38:42.329738 +00:00
164,nicocollinswr,7569,2021-12-05 22:50:31.924147 +00:00,2021-12-05 22:38:42.330289 +00:00
165,nyheimhinesrb,5347,2021-12-05 22:50:31.925023 +00:00,2021-12-05 22:38:42.330834 +00:00
166,devinsingletaryrb,6130,2021-12-05 22:50:31.925633 +00:00,2021-12-05 22:38:42.331295 +00:00
167,adamtrautmante,6869,2021-12-05 22:50:31.926241 +00:00,2021-12-05 22:38:42.331998 +00:00
168,gusedwardsrb,5248,2021-12-05 22:50:31.926845 +00:00,2021-12-05 22:38:42.332679 +00:00
169,gabrieldaviswr,6943,2021-12-05 22:50:31.927497 +00:00,2021-12-05 22:38:42.333348 +00:00
170,treysermonrb,7593,2021-12-05 22:50:31.928103 +00:00,2021-12-05 22:38:42.333865 +00:00
171,willfullerwr,3157,2021-12-05 22:50:31.928706 +00:00,2021-12-05 22:38:42.334612 +00:00
173,zackmossrb,6845,2021-12-05 22:50:31.929965 +00:00,2021-12-05 22:38:42.335960 +00:00
174,zachertzte,1339,2021-12-05 22:50:31.930655 +00:00,2021-12-05 22:38:42.336454 +00:00
175,devanteparkerwr,2319,2021-12-05 22:50:31.931426 +00:00,2021-12-05 22:38:42.336994 +00:00
176,jdmckissicrb,3664,2021-12-05 22:50:31.932040 +00:00,2021-12-05 22:38:42.337482 +00:00
178,joshpalmerwr,7670,2021-12-05 22:50:31.932650 +00:00,2021-12-05 22:38:42.338438 +00:00
177,jaredgoffqb,3163,2021-12-05 22:50:31.933253 +00:00,2021-12-05 22:38:42.337962 +00:00
179,taysomhillqb,4381,2021-12-05 22:50:31.933858 +00:00,2021-12-05 22:38:42.338917 +00:00
180,tylerhigbeete,3271,2021-12-05 22:50:31.934886 +00:00,2021-12-05 22:38:42.339396 +00:00
181,evanengramte,4066,2021-12-05 22:50:31.935847 +00:00,2021-12-05 22:38:42.339890 +00:00
182,samdarnoldqb,4943,2021-12-05 22:50:31.936465 +00:00,2021-12-05 22:38:42.340385 +00:00
183,mattryanqb,24,2021-12-05 22:50:31.937107 +00:00,2021-12-05 22:38:42.340849 +00:00
184,2022mid3rdpi,,2021-12-05 22:50:31.937699 +00:00,2021-12-05 22:38:42.341295 +00:00
185,dyamibrownwr,7587,2021-12-05 22:50:31.938311 +00:00,2021-12-05 22:38:42.341751 +00:00
186,juliojoneswr,947,2021-12-05 22:50:31.938937 +00:00,2021-12-05 22:38:42.342226 +00:00
187,danarnoldte,4741,2021-12-05 22:50:31.939543 +00:00,2021-12-05 22:38:42.342803 +00:00
188,tommytremblete,7694,2021-12-05 22:50:31.940143 +00:00,2021-12-05 22:38:42.343300 +00:00
189,2022early3rdpi,,2021-12-05 22:50:31.940738 +00:00,2021-12-05 22:38:42.343942 +00:00
190,donaldparhamte,6074,2021-12-05 22:50:31.941612 +00:00,2021-12-05 22:38:42.344735 +00:00
192,chriscarsonrb,4273,2021-12-05 22:50:31.942831 +00:00,2021-12-05 22:38:42.345816 +00:00
193,2023early3rdpi,,2021-12-05 22:50:31.943424 +00:00,2021-12-05 22:38:42.346457 +00:00
196,tylerconklinte,5133,2021-12-05 22:50:31.944044 +00:00,2021-12-05 22:38:42.348719 +00:00
194,mecolehardmanwr,5917,2021-12-05 22:50:31.944645 +00:00,2021-12-05 22:38:42.347748 +00:00
195,darrelwilliamsrb,5549,2021-12-05 22:50:31.945753 +00:00,2021-12-05 22:38:42.348224 +00:00
197,camnewtonqb,954,2021-12-05 22:50:31.946369 +00:00,2021-12-05 22:38:42.349212 +00:00
198,robbyandersonwr,3423,2021-12-05 22:50:31.946984 +00:00,2021-12-05 22:38:42.349688 +00:00
199,davidnjokute,4033,2021-12-05 22:50:31.947596 +00:00,2021-12-05 22:38:42.350162 +00:00
200,dariusslaytonwr,6149,2021-12-05 22:50:31.948369 +00:00,2021-12-05 22:38:42.350632 +00:00
202,kjhamlerwr,6805,2021-12-05 22:50:31.948996 +00:00,2021-12-05 22:38:42.351623 +00:00
201,tylerjohnsonwr,6960,2021-12-05 22:50:31.949631 +00:00,2021-12-05 22:38:42.351120 +00:00
203,russellgagewr,5110,2021-12-05 22:50:31.950582 +00:00,2021-12-05 22:38:42.352095 +00:00
204,davismillsqb,7585,2021-12-05 22:50:31.951286 +00:00,2021-12-05 22:38:42.352557 +00:00
205,tyjohnsonrb,6039,2021-12-05 22:50:31.951899 +00:00,2021-12-05 22:38:42.353023 +00:00
206,marvinjoneswr,1067,2021-12-05 22:50:31.952525 +00:00,2021-12-05 22:38:42.353495 +00:00
207,2023mid3rdpi,,2021-12-05 22:50:31.953129 +00:00,2021-12-05 22:38:42.353945 +00:00
208,tyrodtaylorqb,827,2021-12-05 22:50:31.953744 +00:00,2021-12-05 22:38:42.354406 +00:00
209,jalenreagorwr,6798,2021-12-05 22:50:31.954378 +00:00,2021-12-05 22:38:42.354862 +00:00
211,kenyandrakerb,3242,2021-12-05 22:50:31.955617 +00:00,2021-12-05 22:38:42.355779 +00:00
212,2022late3rdpi,,2021-12-05 22:50:31.956223 +00:00,2021-12-05 22:38:42.356245 +00:00
213,marquezcallawaywr,6989,2021-12-05 22:50:31.956833 +00:00,2021-12-05 22:38:42.356705 +00:00
214,kjosbornwr,7066,2021-12-05 22:50:31.957449 +00:00,2021-12-05 22:38:42.357162 +00:00
215,jermarjeffersonrb,7599,2021-12-05 22:50:31.958149 +00:00,2021-12-05 22:38:42.357621 +00:00
216,albertokwuegbunamte,6843,2021-12-05 22:50:31.958775 +00:00,2021-12-05 22:38:42.358081 +00:00
217,kellenmondqb,7581,2021-12-05 22:50:31.959395 +00:00,2021-12-05 22:38:42.358519 +00:00
218,deonteharriswr,6234,2021-12-05 22:50:31.960010 +00:00,2021-12-05 22:38:42.358960 +00:00
219,bostonscottrb,5122,2021-12-05 22:50:31.960675 +00:00,2021-12-05 22:38:42.359410 +00:00
220,quezwatkinswr,6927,2021-12-05 22:50:31.961312 +00:00,2021-12-05 22:38:42.360088 +00:00
221,parriscampbellwr,5880,2021-12-05 22:50:31.961925 +00:00,2021-12-05 22:38:42.360537 +00:00
222,geraldeverettte,4089,2021-12-05 22:50:31.962540 +00:00,2021-12-05 22:38:42.361010 +00:00
224,2023late3rdpi,,2021-12-05 22:50:31.963835 +00:00,2021-12-05 22:38:42.362342 +00:00
225,roberttonyante,4602,2021-12-05 22:50:31.964447 +00:00,2021-12-05 22:38:42.362781 +00:00
226,jonnusmithte,4144,2021-12-05 22:50:31.965213 +00:00,2021-12-05 22:38:42.363269 +00:00
227,jaretpattersonrb,7537,2021-12-05 22:50:31.966109 +00:00,2021-12-05 22:38:42.363707 +00:00
228,cedrickwilsonwr,5113,2021-12-05 22:50:31.966732 +00:00,2021-12-05 22:38:42.364141 +00:00
229,jefferywilsonrb,5284,2021-12-05 22:50:31.967348 +00:00,2021-12-05 22:38:42.364573 +00:00
230,dontaforemanrb,4111,2021-12-05 22:50:31.967957 +00:00,2021-12-05 22:38:42.365006 +00:00
232,anthonyschwartzwr,7533,2021-12-05 22:50:31.969205 +00:00,2021-12-05 22:38:42.365936 +00:00
233,quintezcephuswr,6895,2021-12-05 22:50:31.969821 +00:00,2021-12-05 22:38:42.366371 +00:00
234,sonymichelrb,4962,2021-12-05 22:50:31.971254 +00:00,2021-12-05 22:38:42.367146 +00:00
235,trequansmithwr,5026,2021-12-05 22:50:31.971979 +00:00,2021-12-05 22:38:42.367579 +00:00
236,brevinjordante,7568,2021-12-05 22:50:31.972580 +00:00,2021-12-05 22:38:42.368050 +00:00
237,nickwestbrookikhinewr,7496,2021-12-05 22:50:31.973183 +00:00,2021-12-05 22:38:42.368482 +00:00
238,cjuzomahte,2460,2021-12-05 22:50:31.973787 +00:00,2021-12-05 22:38:42.368937 +00:00
239,colebeasleywr,1144,2021-12-05 22:50:31.974395 +00:00,2021-12-05 22:38:42.369371 +00:00
240,zachpascalwr,4319,2021-12-05 22:50:31.975267 +00:00,2021-12-05 22:38:42.369806 +00:00
242,jamisoncrowderwr,2410,2021-12-05 22:50:31.976517 +00:00,2021-12-05 22:38:42.370681 +00:00
243,raheemmostertrb,2749,2021-12-05 22:50:31.977134 +00:00,2021-12-05 22:38:42.371112 +00:00
244,emmanuelsanderswr,538,2021-12-05 22:50:31.977747 +00:00,2021-12-05 22:38:42.371543 +00:00
245,enobenjaminrb,6951,2021-12-05 22:50:31.978349 +00:00,2021-12-05 22:38:42.371976 +00:00
246,jamalagnewwr,4198,2021-12-05 22:50:31.978949 +00:00,2021-12-05 22:38:42.372407 +00:00
247,chrisevansrb,7794,2021-12-05 22:50:31.979648 +00:00,2021-12-05 22:38:42.372875 +00:00
248,drewlockqb,5854,2021-12-05 22:50:31.980248 +00:00,2021-12-05 22:38:42.373304 +00:00
249,mattbreidarb,4455,2021-12-05 22:50:31.980846 +00:00,2021-12-05 22:38:42.373740 +00:00
250,dwayneeskridgewr,7612,2021-12-05 22:50:31.981768 +00:00,2021-12-05 22:38:42.374166 +00:00
251,devinduvernaywr,6847,2021-12-05 22:50:31.982383 +00:00,2021-12-05 22:38:42.374618 +00:00
252,dontrellhilliardrb,5536,2021-12-05 22:50:31.982991 +00:00,2021-12-05 22:38:42.375064 +00:00
253,tonyjonesrb,6984,2021-12-05 22:50:31.983592 +00:00,2021-12-05 22:38:42.375496 +00:00
254,denzelmimswr,6849,2021-12-05 22:50:31.984193 +00:00,2021-12-05 22:38:42.376205 +00:00
255,larryrountreerb,7574,2021-12-05 22:50:31.984806 +00:00,2021-12-05 22:38:42.376928 +00:00
256,fostermoreaute,5985,2021-12-05 22:50:31.985411 +00:00,2021-12-05 22:38:42.377457 +00:00
257,markingramrb,956,2021-12-05 22:50:31.986011 +00:00,2021-12-05 22:38:42.377918 +00:00
259,jjtaylorrb,6973,2021-12-05 22:50:31.987294 +00:00,2021-12-05 22:38:42.379078 +00:00
260,devontafreemanrb,2168,2021-12-05 22:50:31.987906 +00:00,2021-12-05 22:38:42.379540 +00:00
261,jameswashingtonwr,5024,2021-12-05 22:50:31.988519 +00:00,2021-12-05 22:38:42.379989 +00:00
262,demetricfeltonrb,7609,2021-12-05 22:50:31.989131 +00:00,2021-12-05 22:38:42.380434 +00:00
263,joshreynoldswr,4171,2021-12-05 22:50:31.989742 +00:00,2021-12-05 22:38:42.380879 +00:00
264,austinhooperte,3202,2021-12-05 22:50:31.990353 +00:00,2021-12-05 22:38:42.381323 +00:00
265,darryntonevansrb,7064,2021-12-05 22:50:31.990980 +00:00,2021-12-05 22:38:42.381778 +00:00
266,kylinhillrb,7572,2021-12-05 22:50:31.991681 +00:00,2021-12-05 22:38:42.382226 +00:00
267,harrisonbryantte,6850,2021-12-05 22:50:31.992307 +00:00,2021-12-05 22:38:42.382756 +00:00
268,salvonahmedrb,6918,2021-12-05 22:50:31.992920 +00:00,2021-12-05 22:38:42.383347 +00:00
269,gardnerminshewqb,6011,2021-12-05 22:50:31.993532 +00:00,2021-12-05 22:38:42.383898 +00:00
270,rickysealsjoneste,4531,2021-12-05 22:50:31.994142 +00:00,2021-12-05 22:38:42.384448 +00:00
271,alexcollinsrb,3327,2021-12-05 22:50:31.994754 +00:00,2021-12-05 22:38:42.384996 +00:00
272,blakejarwinte,4571,2021-12-05 22:50:31.995407 +00:00,2021-12-05 22:38:42.385575 +00:00
273,ajgreenwr,830,2021-12-05 22:50:31.996076 +00:00,2021-12-05 22:38:42.386128 +00:00
274,tutuatwellwr,7562,2021-12-05 22:50:31.996876 +00:00,2021-12-05 22:38:42.386769 +00:00
275,sammywatkinswr,1817,2021-12-05 22:50:31.997627 +00:00,2021-12-05 22:38:42.387599 +00:00
276,deejaydallasrb,6931,2021-12-05 22:50:31.998265 +00:00,2021-12-05 22:38:42.388148 +00:00
278,jeremymcnicholsrb,4219,2021-12-05 22:50:31.999494 +00:00,2021-12-05 22:38:42.389415 +00:00
279,jaelondardenwr,7713,2021-12-05 22:50:32.000109 +00:00,2021-12-05 22:38:42.389944 +00:00
280,damienwilliamsrb,1833,2021-12-05 22:50:32.000716 +00:00,2021-12-05 22:38:42.390472 +00:00
281,scottmillerwr,6290,2021-12-05 22:50:32.001376 +00:00,2021-12-05 22:38:42.390961 +00:00
282,2022mid4thpi,,2021-12-05 22:50:32.001980 +00:00,2021-12-05 22:38:42.391385 +00:00
283,kenenwangwurb,7720,2021-12-05 22:50:32.002586 +00:00,2021-12-05 22:38:42.391916 +00:00
284,moaliecoxte,4054,2021-12-05 22:50:32.003205 +00:00,2021-12-05 22:38:42.392368 +00:00
285,marcusmariotaqb,2307,2021-12-05 22:50:32.003807 +00:00,2021-12-05 22:38:42.393156 +00:00
286,jalenguytonwr,6421,2021-12-05 22:50:32.004420 +00:00,2021-12-05 22:38:42.393718 +00:00
287,ojhowardte,4055,2021-12-05 22:50:32.005788 +00:00,2021-12-05 22:38:42.394270 +00:00
288,noahgrayte,7828,2021-12-05 22:50:32.006586 +00:00,2021-12-05 22:38:42.394820 +00:00
289,nkealharrywr,5878,2021-12-05 22:50:32.007186 +00:00,2021-12-05 22:38:42.395533 +00:00
290,ihmirsmithmarsettewr,7559,2021-12-05 22:50:32.007789 +00:00,2021-12-05 22:38:42.396444 +00:00
291,olamidezaccheauswr,6271,2021-12-05 22:50:32.008583 +00:00,2021-12-05 22:38:42.396907 +00:00
292,tyhiltonwr,1110,2021-12-05 22:50:32.009324 +00:00,2021-12-05 22:38:42.397350 +00:00
293,samajeperinerb,4147,2021-12-05 22:50:32.010065 +00:00,2021-12-05 22:38:42.397802 +00:00
295,anthonyfirkserte,4435,2021-12-05 22:50:32.011449 +00:00,2021-12-05 22:38:42.398929 +00:00
296,justinjacksonrb,5131,2021-12-05 22:50:32.012146 +00:00,2021-12-05 22:38:42.399569 +00:00
297,hunterlongte,7535,2021-12-05 22:50:32.013123 +00:00,2021-12-05 22:38:42.400193 +00:00
298,tylanwallacewr,7595,2021-12-05 22:50:32.013907 +00:00,2021-12-05 22:38:42.400643 +00:00
299,juwanjohnsonte,7002,2021-12-05 22:50:32.014692 +00:00,2021-12-05 22:38:42.401084 +00:00
300,jamycalhastyrb,6996,2021-12-05 22:50:32.015535 +00:00,2021-12-05 22:38:42.401525 +00:00
301,marlonmackrb,4152,2021-12-05 22:50:32.016156 +00:00,2021-12-05 22:38:42.401982 +00:00
302,equanimeousstbrownwr,5323,2021-12-05 22:50:32.016838 +00:00,2021-12-05 22:38:42.402429 +00:00
303,jaredcookte,367,2021-12-05 22:50:32.017441 +00:00,2021-12-05 22:38:42.402870 +00:00
304,jordanhowardrb,3306,2021-12-05 22:50:32.018044 +00:00,2021-12-05 22:38:42.403314 +00:00
305,mitchelltrubiskyqb,3976,2021-12-05 22:50:32.018646 +00:00,2021-12-05 22:38:42.403799 +00:00
306,kalifraymondwr,3634,2021-12-05 22:50:32.019284 +00:00,2021-12-05 22:38:42.404246 +00:00
307,rashardhigginswr,3328,2021-12-05 22:50:32.019885 +00:00,2021-12-05 22:38:42.404853 +00:00
308,devontaebookerrb,3209,2021-12-05 22:50:32.020501 +00:00,2021-12-05 22:38:42.405311 +00:00
309,joshuakelleyrb,7045,2021-12-05 22:50:32.021138 +00:00,2021-12-05 22:38:42.405757 +00:00
310,mikedavisrb,2431,2021-12-05 22:50:32.021737 +00:00,2021-12-05 22:38:42.406200 +00:00
312,jacobharriste,7703,2021-12-05 22:50:32.023032 +00:00,2021-12-05 22:38:42.407291 +00:00
313,lataviusmurrayrb,1476,2021-12-05 22:50:32.023694 +00:00,2021-12-05 22:38:42.407807 +00:00
314,prestonwilliamswr,6148,2021-12-05 22:50:32.024319 +00:00,2021-12-05 22:38:42.408260 +00:00
315,haydenhurstte,4973,2021-12-05 22:50:32.025088 +00:00,2021-12-05 22:38:42.408728 +00:00
316,keshawnvaughnrb,6885,2021-12-05 22:50:32.025695 +00:00,2021-12-05 22:38:42.409270 +00:00
317,rashaadpennyrb,4985,2021-12-05 22:50:32.026298 +00:00,2021-12-05 22:38:42.409727 +00:00
318,hunterbryantte,6846,2021-12-05 22:50:32.026912 +00:00,2021-12-05 22:38:42.410178 +00:00
319,tevincolemanrb,2378,2021-12-05 22:50:32.027517 +00:00,2021-12-05 22:38:42.410629 +00:00
320,jameswhiterb,1848,2021-12-05 22:50:32.028281 +00:00,2021-12-05 22:38:42.411079 +00:00
321,waynegallmanrb,4150,2021-12-05 22:50:32.029130 +00:00,2021-12-05 22:38:42.411564 +00:00
322,tysonwilliamsrb,7098,2021-12-05 22:50:32.029874 +00:00,2021-12-05 22:38:42.412159 +00:00
323,benroethlisbergerqb,138,2021-12-05 22:50:32.030630 +00:00,2021-12-05 22:38:42.412665 +00:00
324,willdisslyte,5010,2021-12-05 22:50:32.031402 +00:00,2021-12-05 22:38:42.413111 +00:00
325,audentatewr,5130,2021-12-05 22:50:32.032008 +00:00,2021-12-05 22:38:42.413560 +00:00
326,davidjohnsonrb,2391,2021-12-05 22:50:32.032613 +00:00,2021-12-05 22:38:42.414005 +00:00
327,2023mid4thpi,,2021-12-05 22:50:32.033207 +00:00,2021-12-05 22:38:42.414436 +00:00
328,tremckittyte,7554,2021-12-05 22:50:32.033805 +00:00,2021-12-05 22:38:42.414879 +00:00
329,2023late4thpi,,2021-12-05 22:50:32.034507 +00:00,2021-12-05 22:38:42.415310 +00:00
331,philliplindsayrb,5170,2021-12-05 22:50:32.035719 +00:00,2021-12-05 22:38:42.416202 +00:00
332,2022late4thpi,,2021-12-05 22:50:32.036369 +00:00,2021-12-05 22:38:42.416639 +00:00
333,jacobybrissettqb,3257,2021-12-05 22:50:32.036970 +00:00,2021-12-05 22:38:42.417089 +00:00
334,kylengransonte,7602,2021-12-05 22:50:32.037609 +00:00,2021-12-05 22:38:42.417550 +00:00
335,shismithwr,7603,2021-12-05 22:50:32.038211 +00:00,2021-12-05 22:38:42.417998 +00:00
336,randallcobbwr,928,2021-12-05 22:50:32.038807 +00:00,2021-12-05 22:38:42.418443 +00:00
337,tarikcohenrb,4157,2021-12-05 22:50:32.039403 +00:00,2021-12-05 22:38:42.418884 +00:00
338,travishomerrb,6012,2021-12-05 22:50:32.040001 +00:00,2021-12-05 22:38:42.419321 +00:00
339,brandonboldenrb,1034,2021-12-05 22:50:32.040609 +00:00,2021-12-05 22:38:42.419768 +00:00
340,milesboykinwr,5965,2021-12-05 22:50:32.041249 +00:00,2021-12-05 22:38:42.420200 +00:00
341,cameronbratete,2214,2021-12-05 22:50:32.041994 +00:00,2021-12-05 22:38:42.420632 +00:00
342,zayjoneswr,4080,2021-12-05 22:50:32.042616 +00:00,2021-12-05 22:38:42.421060 +00:00
343,lynnbowdenwr,6909,2021-12-05 22:50:32.043216 +00:00,2021-12-05 22:38:42.421490 +00:00
344,samehlingerqb,7583,2021-12-05 22:50:32.043814 +00:00,2021-12-05 22:38:42.421923 +00:00
1,patrickmahomesqb,4046,2021-12-05 22:50:31.804931 +00:00,2021-12-05 22:38:42.245660 +00:00
7,justinjeffersonwr,6794,2021-12-05 22:50:31.813282 +00:00,2021-12-05 22:38:42.251608 +00:00
28,deebosamuelwr,5872,2021-12-05 22:50:31.827515 +00:00,2021-12-05 22:38:42.262685 +00:00
45,markandrewste,5012,2021-12-05 22:50:31.838549 +00:00,2021-12-05 22:38:42.270289 +00:00
60,tuatagovailoaqb,6768,2021-12-05 22:50:31.849393 +00:00,2021-12-05 22:38:42.277472 +00:00
80,michaelcarterrb,7607,2021-12-05 22:50:31.862130 +00:00,2021-12-05 22:38:42.287209 +00:00
99,dallasgoedertte,5022,2021-12-05 22:50:31.876597 +00:00,2021-12-05 22:38:42.296343 +00:00
116,jujusmithschusterwr,4040,2021-12-05 22:50:31.889616 +00:00,2021-12-05 22:38:42.305203 +00:00
132,laviskashenaultwr,6814,2021-12-05 22:50:31.900193 +00:00,2021-12-05 22:38:42.314555 +00:00
151,taylorheinickeqb,2711,2021-12-05 22:50:31.913150 +00:00,2021-12-05 22:38:42.323680 +00:00
172,sterlingshepardwr,3200,2021-12-05 22:50:31.929351 +00:00,2021-12-05 22:38:42.335281 +00:00
191,dernestjohnsonrb,6694,2021-12-05 22:50:31.942223 +00:00,2021-12-05 22:38:42.345349 +00:00
210,amarirodgerswr,7540,2021-12-05 22:50:31.954993 +00:00,2021-12-05 22:38:42.355322 +00:00
223,marquezvaldesscantlingwr,5086,2021-12-05 22:50:31.963186 +00:00,2021-12-05 22:38:42.361808 +00:00
231,allenlazardwr,5185,2021-12-05 22:50:31.968569 +00:00,2021-12-05 22:38:42.365436 +00:00
241,kyletraskqb,7605,2021-12-05 22:50:31.975881 +00:00,2021-12-05 22:38:42.370238 +00:00
258,nelsonagholorwr,2325,2021-12-05 22:50:31.986668 +00:00,2021-12-05 22:38:42.378409 +00:00
277,2023early4thpi,,2021-12-05 22:50:31.998871 +00:00,2021-12-05 22:38:42.388882 +00:00
294,2022early4thpi,,2021-12-05 22:50:32.010796 +00:00,2021-12-05 22:38:42.398324 +00:00
311,anthonymcfarlandrb,6878,2021-12-05 22:50:32.022416 +00:00,2021-12-05 22:38:42.406694 +00:00
330,tyreejacksonte,6040,2021-12-05 22:50:32.035109 +00:00,2021-12-05 22:38:42.415755 +00:00
345,demarcusrobinsonwr,3286,2021-12-05 22:50:32.044595 +00:00,2021-12-05 22:38:42.422353 +00:00
346,ameerabdullahrb,2359,2021-12-05 22:50:32.045303 +00:00,2021-12-05 22:38:42.422989 +00:00
347,byronpringlewr,5199,2021-12-05 22:50:32.045918 +00:00,2021-12-05 22:38:42.423473 +00:00
348,mikewhiteqb,5089,2021-12-05 22:50:32.046547 +00:00,2021-12-05 22:38:42.423909 +00:00
349,xavierjonesrb,7088,2021-12-05 22:50:32.047300 +00:00,2021-12-05 22:38:42.424342 +00:00
350,keelancolewr,4622,2021-12-05 22:50:32.048379 +00:00,2021-12-05 22:38:42.424831 +00:00
351,lamicalperinerb,6908,2021-12-05 22:50:32.049000 +00:00,2021-12-05 22:38:42.425263 +00:00
352,dwaynehaskinsqb,5845,2021-12-05 22:50:32.049609 +00:00,2021-12-05 22:38:42.425906 +00:00
353,trentsherfieldwr,5154,2021-12-05 22:50:32.050222 +00:00,2021-12-05 22:38:42.426476 +00:00
354,olabisijohnsonwr,6088,2021-12-05 22:50:32.050828 +00:00,2021-12-05 22:38:42.426999 +00:00
355,adamhumphrieswr,2822,2021-12-05 22:50:32.051469 +00:00,2021-12-05 22:38:42.427523 +00:00
356,ericebronte,2118,2021-12-05 22:50:32.052091 +00:00,2021-12-05 22:38:42.428049 +00:00
357,chrisherndonte,5009,2021-12-05 22:50:32.052731 +00:00,2021-12-05 22:38:42.428682 +00:00
358,ianthomaste,4995,2021-12-05 22:50:32.053347 +00:00,2021-12-05 22:38:42.429272 +00:00
359,kalenballagerb,4994,2021-12-05 22:50:32.053935 +00:00,2021-12-05 22:38:42.429759 +00:00
360,justicehillrb,5995,2021-12-05 22:50:32.054532 +00:00,2021-12-05 22:38:42.430625 +00:00
361,andyisabellawr,5915,2021-12-05 22:50:32.055130 +00:00,2021-12-05 22:38:42.431059 +00:00
362,mikestrachanwr,7944,2021-12-05 22:50:32.055737 +00:00,2021-12-05 22:38:42.431491 +00:00
363,ryanfitzpatrickqb,333,2021-12-05 22:50:32.056369 +00:00,2021-12-05 22:38:42.431922 +00:00
364,giovanibernardrb,1386,2021-12-05 22:50:32.056963 +00:00,2021-12-05 22:38:42.432354 +00:00
365,collinjohnsonwr,6857,2021-12-05 22:50:32.057558 +00:00,2021-12-05 22:38:42.432785 +00:00
366,malcolmbrownrb,2588,2021-12-05 22:50:32.058253 +00:00,2021-12-05 22:38:42.433217 +00:00
367,jamesoshaughnessyte,2476,2021-12-05 22:50:32.058903 +00:00,2021-12-05 22:38:42.433682 +00:00
368,jerickmckinnonrb,2161,2021-12-05 22:50:32.059524 +00:00,2021-12-05 22:38:42.434113 +00:00
369,rexburkheadrb,1387,2021-12-05 22:50:32.060235 +00:00,2021-12-05 22:38:42.434543 +00:00
370,davidmoorewr,4274,2021-12-05 22:50:32.060978 +00:00,2021-12-05 22:38:42.434973 +00:00
371,jakefunkrb,7771,2021-12-05 22:50:32.061719 +00:00,2021-12-05 22:38:42.435402 +00:00
372,joshrosenqb,4863,2021-12-05 22:50:32.062451 +00:00,2021-12-05 22:38:42.435844 +00:00
373,mikeweberrb,6159,2021-12-05 22:50:32.063165 +00:00,2021-12-05 22:38:42.436274 +00:00
374,josholiverte,5973,2021-12-05 22:50:32.063768 +00:00,2021-12-05 22:38:42.436707 +00:00
375,gregdortchwr,5970,2021-12-05 22:50:32.064399 +00:00,2021-12-05 22:38:42.437157 +00:00
